{
  "project_info": {
    "project_number": "579136074097",
    "project_id": "notifikasi-4f20e",
    "storage_bucket": "notifikasi-4f20e.firebasestorage.app"
  },
  "client": [
    {
      "client_info": {
        "mobilesdk_app_id": "1:579136074097:android:ad267e6fdb39643ce646d0",
        "android_client_info": {
          "package_name": "com.example.notifikasi"
        }
      },
      "oauth_client": [],
      "api_key": [
        {
          "current_key": "AIzaSyAmVTbSvZUdisGAXU4VmXJlVmhuxD5zTAc"
        }
      ],
      "services": {
        "appinvite_service": {
          "other_platform_oauth_client": []
        }
      }
    },
    {
      "client_info": {
        "mobilesdk_app_id": "1:579136074097:android:8337464f8e0a7eaee646d0",
        "android_client_info": {
          "package_name": "com.example.sumpah_ini_final_notif"
        }
      },
      "oauth_client": [],
      "api_key": [
        {
          "current_key": "AIzaSyAmVTbSvZUdisGAXU4VmXJlVmhuxD5zTAc"
        }
      ],
      "services": {
        "appinvite_service": {
          "other_platform_oauth_client": []
        }
      }
    }
  ],
  "configuration_version": "1"
}